{
    "CompileStatus": "Successful",
    "CompileStrategy": "fullobj",
    "SIMBData": {
        "out": "amcQwB.o",
        "bytes": 250475
    },
    "stat": {
        "nMops": 232528
    },
    "Misc": {
        "daidir": "simv.daidir",
        "cwd": "/home/runner",
        "default_output_dir": "csrc",
        "csrc": "csrc",
        "archive_dir": "archive.0",
        "daidir_abs": "/home/runner/simv.daidir",
        "csrc_abs": "/home/runner/csrc"
    },
    "NameTable": {
        "_vcs_DPI_package": [
            "_vcs_DPI_package",
            "uM9F1",
            "module"
        ],
        "std": [
            "std",
            "reYIK",
            "module"
        ],
        "vcs_paramclassrepository": [
            "vcs_paramclassrepository",
            "hEeZs",
            "module"
        ],
        "_vcs_unit__1775425591": [
            "_vcs_unit__1775425591",
            "xniH6",
            "module"
        ],
        "uvm_pkg": [
            "uvm_pkg",
            "zr7M1",
            "module"
        ],
        "...MASTER...": [
            "SIM",
            "amcQw",
            "module"
        ],
        "rv_inf": [
            "rv_inf",
            "AqeNr",
            "module"
        ],
        "rv_top": [
            "rv_top",
            "xmRLJ",
            "module"
        ]
    },
    "CurCompileUdps": {},
    "CurCompileModules": [
        "...MASTER...",
        "vcs_paramclassrepository",
        "_vcs_DPI_package",
        "_vcs_unit__1775425591",
        "std",
        "uvm_pkg",
        "rv_inf",
        "rv_top"
    ],
    "LVLData": [
        "SIM"
    ],
    "PEModules": [],
    "CompileProcesses": [
        "cgproc.401.json"
    ]
}