{
    "Modules": {
        "uvm_pkg": {
            "Compiled": "Yes",
            "Compiled Times": 1
        },
        "...MASTER...": {},
        "_vcs_unit__1775425591": {
            "Compiled": "Yes",
            "Compiled Times": 1
        },
        "vcs_paramclassrepository": {
            "Compiled": "Yes",
            "Compiled Times": 1
        },
        "std": {
            "Compiled": "Yes",
            "Compiled Times": 1
        },
        "_vcs_DPI_package": {
            "Compiled": "Yes",
            "Compiled Times": 1
        },
        "rv_inf": {
            "Compiled": "Yes",
            "Compiled Times": 1
        },
        "rv_top": {
            "Compiled": "Yes",
            "Compiled Times": 1
        }
    },
    "CompUnits": {
        "AqeNr_d": {
            "mod": "rv_inf",
            "out": "AqeNr_d.o",
            "archive": "archive.0/_401_archive_1.a",
            "bytes": 12821,
            "mode": 4
        },
        "zr7M1_d": {
            "mod": "uvm_pkg",
            "out": "zr7M1_d.o",
            "archive": "archive.0/_401_archive_1.a",
            "bytes": 2476772,
            "mode": 4
        },
        "uM9F1_d": {
            "mod": "_vcs_DPI_package",
            "out": "uM9F1_d.o",
            "archive": "archive.0/_401_archive_1.a",
            "bytes": 17492,
            "mode": 4
        },
        "amcQw_d": {
            "mod": "...MASTER...",
            "out": "amcQw_d.o",
            "archive": "archive.0/_401_archive_1.a",
            "bytes": 5160,
            "mode": 4
        },
        "xmRLJ_d": {
            "mod": "rv_top",
            "out": "xmRLJ_d.o",
            "archive": "archive.0/_401_archive_1.a",
            "bytes": 8455,
            "mode": 4
        },
        "hEeZs_d": {
            "mod": "vcs_paramclassrepository",
            "out": "hEeZs_d.o",
            "archive": "archive.0/_401_archive_1.a",
            "bytes": 2873688,
            "mode": 4
        },
        "xniH6_d": {
            "mod": "_vcs_unit__1775425591",
            "out": "xniH6_d.o",
            "archive": "archive.0/_401_archive_1.a",
            "bytes": 180875,
            "mode": 4
        },
        "reYIK_d": {
            "mod": "std",
            "out": "reYIK_d.o",
            "archive": "archive.0/_401_archive_1.a",
            "bytes": 20128,
            "mode": 4
        }
    },
    "ObjArchives": [
        {
            "archive": "archive.0/_401_archive_1.a",
            "size": 5595391,
            "objects": [
                [
                    "amcQw_d.o",
                    5160
                ],
                [
                    "hEeZs_d.o",
                    2873688
                ],
                [
                    "uM9F1_d.o",
                    17492
                ],
                [
                    "xniH6_d.o",
                    180875
                ],
                [
                    "reYIK_d.o",
                    20128
                ],
                [
                    "zr7M1_d.o",
                    2476772
                ],
                [
                    "AqeNr_d.o",
                    12821
                ],
                [
                    "xmRLJ_d.o",
                    8455
                ]
            ]
        }
    ]
}