{
    "std": [
        "std",
        "reYIK",
        "module"
    ],
    "_vcs_DPI_package": [
        "_vcs_DPI_package",
        "uM9F1",
        "module"
    ],
    "_vcs_unit__1775425591": [
        "_vcs_unit__1775425591",
        "xniH6",
        "module"
    ],
    "vcs_paramclassrepository": [
        "vcs_paramclassrepository",
        "hEeZs",
        "module"
    ],
    "...MASTER...": [
        "SIM",
        "amcQw",
        "module"
    ],
    "uvm_pkg": [
        "uvm_pkg",
        "zr7M1",
        "module"
    ],
    "rv_inf": [
        "rv_inf",
        "AqeNr",
        "module"
    ],
    "rv_top": [
        "rv_top",
        "xmRLJ",
        "module"
    ]
}